Node Title(optional You ca leave this column blank,Path, Meta Title,Meta Description,Meta Abstract, Meta Keywords
Test page1,node/1,meta titile1,meta description 1,meta abstract 1 ,meta keywords 1
Test page2,node/2,meta titile2,meta description 2,meta abstract 2 ,meta keywords 2
Test page3,node/3,meta titile3,meta description 3,meta abstract 3 ,meta keywords 3
Test page4,node/4,meta titile4,meta description 4,meta abstract 4 ,meta keywords 4
Test page5,node/5,meta titile5,meta description 5,meta abstract 5 ,meta keywords 5
Test page6,node/6,meta titile6,meta description 6,meta abstract 6 ,meta keywords 6
Test page7,node/7,meta titile7,meta description 7,meta abstract 7 ,meta keywords 7
Test page8,node/8,meta titile8,meta description 8,meta abstract 8 ,meta keywords 8
Test page9,node/9,meta titile9,meta description 9,meta abstract 9 ,meta keywords 9
Test page10,node/10,meta titile10,meta description 10,meta abstract 10 ,meta keywords 10
